k	algo	nnls
16	0	0.0101144
16	1	0.155072
16	2	0.0223921
16	4	0.324154
16	5	0.233133
32	0	0.0145875
32	1	0.367118
32	2	0.032104
32	4	0.522071
32	5	0.451825
64	0	0.0176762
64	1	0.625902
64	2	0.0463208
64	4	0.646613
64	5	0.882465
96	0	0.0174826
96	1	0.93231
96	2	0.0774033
96	4	1.13883
96	5	1.21167
