k	algo	nnls
16	0	0.00789323
16	1	0.00594128
16	2	0.0816559
16	4	0.0734944
16	5	0.020057
32	0	0.017647
32	1	0.182355
32	2	0.173798
32	4	4.02355
32	5	3.48512
64	0	0.00849012
64	1	0.00631371
64	2	0.154456
64	4	0.147948
64	5	0.0257774
96	0	0.0233034
96	1	0.291214
96	2	0.236503
96	4	4.43785
96	5	3.8865
128	0	0.00971684
128	1	0.00844897
128	2	0.336253
128	4	0.300467
128	5	0.0414667
